row_number,url
282,https://www.instagram.com/reel/DR0No4Ljqjb/?igsh=MXV1M2FrNzljOXk1Yw==
287,https://www.instagram.com/reel/DR31awTjRZr/?igsh=NjZrd3BzMDVoM3c3
290,https://www.instagram.com/reel/DR2Ko-sAJXb/?igsh=bDhpMm9wZzBhZGNi
338,https://www.instagram.com/reel/DOjhA2JEdy6/?igsh=MWhkemwzYmxoY2xtZw==
340,https://www.instagram.com/reel/DN9uNhCjJ_e/?igsh=MXVoN3J0ZTQ2NWRqbQ==
388,https://www.instagram.com/reel/DR8SAKPAcxf/?igsh=MTluZmJxejlqc2hrcg==
390,https://www.instagram.com/reel/DSA5XGykhoL/?igsh=MTRkNzNkamlnZjNndg==
394,https://www.instagram.com/reel/DQ9ZtHHjzKB/?igsh=c3B0NXJibmY1OGZ0
529,https://www.instagram.com/parkergetajob?igsh=OGQ1NjV5Yzk5b3Ez
586,https://www.facebook.com/share/1FLJ9zdQAA/?mibextid=wwXIfr
868,https://www.instagram.com/reel/DNYVrMeOwNX/?igsh=MWNxYTBkM3Z4bDQzdg==
882,https://www.instagram.com/p/DQ7cZa8AJ6v/?igsh=MXR0bGhpZGhsYnptZA==
885,https://www.instagram.com/docbonta?igsh=cWxtODIzMjd3OHQ%3D&utm_source=qr
989,https://www.instagram.com/reel/DLd22AUN3Lm/?igsh=b2Q2MXBncWtyazN2
1327,https://www.instagram.com/p/DPS7WOdCmln/?img_index=5&igsh=eTFwMXN1dHR3Zncz
1341,https://www.facebook.com/share/r/17NrDE5MFi/?mibextid=wwXIfr
1517,https://www.instagram.com/reel/DQ3nFCNkS2v/?igsh=MTY3OXhhdGZtMGt5bA==
1519,https://www.instagram.com/p/DSwc2bpCrFk/?igsh=MXAwZ3owcHdwYjRzYg==
1521,https://www.instagram.com/reel/DSD-ZoACQU2/?igsh=MXgycmM2NDMzazJrbA==
1699,https://www.facebook.com/share/r/18AKgNDSpU/?mibextid=wwXIfr
1893,https://www.instagram.com/reel/DTbZ0-xEi2_/?igsh=MXg3dnRlYzZ6bDN3aA==
1966,https://www.instagram.com/reel/DTW3WP3EQbK/?igsh=Z3N2b3BwZTcybzA1
2323,https://www.instagram.com/reel/DTVyvdkjcHW/?igsh=eGdvbHliNzloamt0
2346,https://www.instagram.com/reel/DTxuicrDqvA/?igsh=M2RhY3FicHBmMnpl
2350,https://www.instagram.com/reel/DUX_Y5yDrYe/?igsh=ZjRpNGk2amE3bnZh
2352,https://www.instagram.com/reel/DUQZkBajHZ1/?igsh=M3pmbDc2YWY3ZTY5
2424,https://www.instagram.com/reel/DUYskj1jXPI/?igsh=OGpkN3k5MGQ2eHRl
2427,https://www.instagram.com/reel/DULC5z_En5a/?igsh=MTZiNHc3d3NvMWhlMw==
2429,https://www.instagram.com/reel/DUbU8wRjI3p/?igsh=N3dha2Y2cGloaDhz
2431,https://www.instagram.com/reel/DUcDM9VCXfg/?igsh=ZnhqbGhkejBtNXdr
2433,https://www.instagram.com/reel/DTKMPtaE5CV/?igsh=Nmx1eGllbXZ5b3lr
2435,https://www.instagram.com/reel/DULC5z_En5a/?igsh=M…”
2574,https://www.instagram.com/reel/DUg36GOksNL/?igsh=MWR2Y21uOGU0dHo0ZQ==
2576,https://www.instagram.com/reel/DUtRXI5AbzF/?igsh=cm45M2FqMnBiM2dj
2578,https://www.instagram.com/reel/DUqtuAekiPE/?igsh=MWdkeGlxcmdoYmdmMg==
2581,https://www.instagram.com/reel/DUs6yv6kdOj/?igsh=MXdvZ3I3anlvNXkzdw==
2582,https://www.instagram.com/reel/DTSNpvWDFUi/?igsh=NmhqN3YxdmY5N2Q5
2584,https://www.instagram.com/reel/DSTTrQ_jbZ4/?igsh=dWtpZHB3andrYjhk
2586,https://www.instagram.com/reel/DQRQbG-DHnu/?igsh=OHJzeWV6eHZ2NTJj
2588,https://www.instagram.com/reel/DTs8oa4iQYk/?igsh=bnR6amZreTFnc2p6
2590,https://www.instagram.com/p/C-bc3P9tap9/?igsh=dGU1dDIxcDh6eXR4
2592,https://www.instagram.com/reel/DUuObBkDepn/?igsh=cTVmZWl1cXJhbTN4
2594,https://www.instagram.com/reel/DUPEjWUDkzR/?igsh=bTZ3OXZlZ3YzcG16
2596,https://www.instagram.com/reel/DUYkV5IEm-y/?igsh=c2kyZDRlc24wZXg5
2605,https://www.instagram.com/reel/DUySYhCChXO/?igsh=NGc1eWdlY2h5dWk0
2657,https://www.instagram.com/reel/DSNCXGBiDar/?igsh=MWF0dXMwNG9mMHpiMw==
2659,https://www.instagram.com/reel/DU1NhEVlKW-/?igsh=OWx1ZnV3aDU5b3hl
2660,https://www.instagram.com/p/DT7P6UGDHb4/?img_index=4&igsh=MWl4bHJuamZ5NW5wZQ==
2662,https://www.instagram.com/reel/DU4oIjVAYa1/?igsh=dWFnaHVzdTJrMXdi
2664,https://www.instagram.com/reel/DUoB027EbT2/?igsh=MWhtZTJpbmdvMDMydg==
2666,https://www.instagram.com/reel/DTu3s-nCiVb/?igsh=bGRkMmwzbmkydXQ0
2680,https://www.instagram.com/reel/DTkp7bPkyem/?igsh=MWszNzJ3b21kNDJ1ZQ==
2682,https://www.instagram.com/reel/DSDQaG4kr-F/?igsh=MjJlbWs1OTFzY3hp
2684,https://www.instagram.com/reel/DTtvsCbjrmY/?igsh=MTczOGJxZDdpY3ZyaA==
2686,https://www.instagram.com/reel/DOOPKRWkeln/?igsh=MXZvZ3J5bnA0YXcw
2702,https://www.instagram.com/reel/DSpXI21AMVa/?igsh=MWgzeGRwYXl0eWR6dQ==
2704,https://www.instagram.com/reel/DPbVp7UD9VU/?igsh=OWYzZzNybW5ocGZj
2725,https://www.instagram.com/reel/DQRrEfjj45Q/?igsh=MThxczZ6ejg2bDE5
2727,https://www.instagram.com/reel/DQ5Isk9E3oZ/?igsh=MTVlMXNyMHlkdnA0aA==
2811,https://www.instagram.com/reel/DVEYcj9DEoM/?igsh=YWw4bWl1Z2htanJu
2847,https://www.instagram.com/reel/DSX3FvkiDwQ/?igsh=cWpnamE0Y3liYjVi
2865,https://www.instagram.com/p/DUm5ptNjRye/?img_index=2&igsh=MXVkeWxsZTRlZjk2dA==
2890,https://www.instagram.com/p/DVKSvTgjIwX/?img_index=3&igsh=MWJwMHM0NXowYjk2bA==
2925,https://www.instagram.com/p/DVMHe7hGWfp/?img_index=1&igsh=MWtvY2p2MndtYnBsdg==
2966,https://www.instagram.com/reel/DU-7b51EWAs/?igsh=MzN6MWs5eWVwMXRv
2991,https://www.instagram.com/reel/DU0z3fpDBrs/?igsh=eGwyYWc5d2NndjJw
2996,https://www.instagram.com/reel/DTqnCF3EqGW/?igsh=cm01c3gxMHg2NGZq
2998,https://www.facebook.com/share/r/1B69Q2hXZ4/?mibextid=wwXIfr
3046,https://www.facebook.com/share/r/1EdgGWRhBU/?mibextid=wwXIfr
3090,https://www.instagram.com/p/DUq9Y4wEdUw/?igsh=MWd1b3djZWZkODlpMQ==
3091,https://www.instagram.com/p/DVf8p8MjGlc/?img_index=2&igsh=MXFtazExaXNidGVuNw==
3097,https://www.facebook.com/share/r/1DgWrTPEq6/?mibextid=wwXIfr
3099,https://www.facebook.com/share/r/1ZCRWQLn6r/?mibextid=wwXIfr
3110,https://www.instagram.com/p/DVb7RS6DLOJ/?igsh=Mm92NXlvM3BmeWg=
3112,https://www.instagram.com/reel/DVVAs1vEWmz/?igsh=MTF6bmU5dDB5YjFubw==
3113,https://www.instagram.com/reel/DVj2SNNjYo1/?igsh=ZWY2cHl6MGRodHls
3179,https://www.instagram.com/reel/DWEw9rSkkC4/?igsh=cmE2cTl5ZGd2MjI5
3182,https://www.instagram.com/reel/DU10GrYkjqb/?igsh=MXRjMDNteGFna2V5ZA==
3196,https://www.instagram.com/reel/DVoqehXErBw/?igsh=OGJvcDM1emZnemY1
3198,https://www.instagram.com/reel/DUryewlEp4q/?igsh=MWQydDB2cXUwbmQxdQ==
3214,https://www.facebook.com/share/v/1Aj3b3vkCJ/?mibextid=wwXIfr
3218,https://www.instagram.com/reel/DVLooN_gIr_/?igsh=MXczcTYwbXE4b2szeg==
3221,https://www.instagram.com/reel/DVwaGTnET5P/?igsh=aDN5bDdzZWN1dHAy
3224,https://www.facebook.com/share/v/14bAWKTRxai/?mibextid=wwXIfr
3234,https://www.instagram.com/reel/DVjSZkogks7/?igsh=MnN6dW9rbzAybGVh
3236,https://www.facebook.com/share/r/1CFkhnqfWV/?mibextid=wwXIfr
3247,https://www.facebook.com/share/v/1CXUhCHHb4/?mibextid=wwXIfr
3320,https://www.instagram.com/reel/DVkS7PQjuyV/?igsh=MWg2aWh5aDIyc2JzYQ==
3328,https://www.facebook.com/share/r/1DXPZ1LyVo/?mibextid=wwXIfr
3330,https://www.facebook.com/share/r/1b97xqrNTi/?mibextid=wwXIfr
3332,https://www.facebook.com/share/v/16xeaG6Aj1/?mibextid=wwXIfr
3334,https://www.facebook.com/share/r/1GruRwVKPU/?mibextid=wwXIfr
3419,https://www.instagram.com/reel/DVr0o7oERBD/?igsh=ZjBsenZreGJvMG5q
3422,https://www.facebook.com/share/r/1aVe1Pwro1/?mibextid=wwXIfr
3424,https://www.facebook.com/share/r/19vwv3fonT/?mibextid=wwXIfr
3426,https://www.facebook.com/share/r/1Ckaa9E6WA/?mibextid=wwXIfr
3428,https://www.facebook.com/share/r/16V4YHJZ4n/?mibextid=wwXIfr
3430,https://www.facebook.com/share/r/1H54YvRM6a/?mibextid=wwXIfr
3527,https://www.instagram.com/reel/DV6JSRDgbR4/?igsh=ZTdjMHN4M29iMnBq
3589,https://www.facebook.com/share/r/18SfztPeVq/?mibextid=wwXIfr
3591,https://www.facebook.com/share/r/1B5ENyViVS/?mibextid=wwXIfr
3604,https://www.facebook.com/share/17CBMnPeb1/?mibextid=wwXIfr
3674,https://www.facebook.com/share/r/1cDLEo55CR/?mibextid=wwXIfr
3675,https://www.instagram.com/reel/DV4cgOhDzMq/?igsh=MTVsdXNyZnlmNjQ2dw==
3677,https://www.instagram.com/reel/DVq_h01icen/?igsh=MXh6enc3ZGt3Mmg1Mw==
3679,https://www.instagram.com/p/DWLoZZNDPCC/?igsh=aTlqbGh0OWRvNXgw
3681,https://www.instagram.com/reel/DWG5YAvDJHV/?igsh=a2FqYmY2cTk4a2U4
3761,https://www.instagram.com/reel/DTSgG38D8IG/?igsh=OHcwdmN2OTFydGkz
3799,https://www.instagram.com/reel/DWXHejPgGXf/?igsh=MWl1Ym9mcXVoa3kxcQ==
3802,https://www.facebook.com/share/r/1Au8ksH7my/?mibextid=wwXIfr
3804,https://www.facebook.com/share/r/18edKYvC6E/?mibextid=wwXIfr
3806,https://www.facebook.com/share/r/1C6yfRbEo7/?mibextid=wwXIfr
3808,https://www.facebook.com/share/r/18MTjCVAeN/?mibextid=wwXIfr
3842,https://www.instagram.com/reel/DWY3bavjO4l/?igsh=dDA4ZGZocXN0MGNp
3844,https://www.instagram.com/p/DWRnOMRAeUa/?igsh=cGVycmY0dmplcXYx
3846,https://www.instagram.com/reel/DTdHH_3k7fx/?igsh=MTk1ZjNxdjZscmtxcg==
3848,https://www.instagram.com/reel/DVvnqUpCG3O/?igsh=NzhpcnlhbWVqNjA=
3850,https://www.instagram.com/reel/DWVPEiRgQM7/?igsh=bGY0OHRpbjNmZzU4
3909,https://www.facebook.com/share/r/1ZxfVGE5ov/?mibextid=wwXIfr
3910,https://www.facebook.com/share/r/1AuqJybMLW/?mibextid=wwXIfr
3912,https://www.facebook.com/share/r/1ZxfVGE5ov/?mibex…”
3913,https://www.instagram.com/reel/DUG4TMdjwW7/?igsh=MW5tMXRkMGdrc2w5MA==
3915,https://www.instagram.com/reel/DU4MCnbDBEI/?igsh=d21uaHkyODIyMnU5
3917,https://www.instagram.com/reel/DVZ72kykVa_/?igsh=MWhjenVtaGdyOW5tbQ==
3919,https://www.instagram.com/reel/DUFK10tDeqo/?igsh=MXBzYjM5ejl5Z3liMA==
3921,https://www.instagram.com/reel/DTRQ163kWlA/?igsh=MWs1MDA0ZDdsem9qMw==
3923,https://www.instagram.com/reel/DUCOzZ7Ed0v/?igsh=aXp4b2tlc3NncGpn
3925,https://www.instagram.com/reel/DWVZ4yjEf5v/?igsh=MWo4NjYyYnV2Z3Y2eQ==
3927,https://www.instagram.com/reel/DTJ4e7xjPRi/?igsh=eXl5Nm41dHpwOTln
3938,https://www.facebook.com/share/r/1FWABZFQVD/?mibextid=wwXIfr
3948,https://www.facebook.com/share/r/1Lg5J8heMV/?mibextid=wwXIfr
4019,https://www.facebook.com/share/r/1CiThxCvio/?mibextid=wwXIfr
4021,https://www.facebook.com/share/r/1Cja317isV/?mibextid=wwXIfr
4065,https://www.instagram.com/reel/DVK4lOQgDWy/?igsh=djAwYWNqZjgxcWFz
4066,https://www.instagram.com/reel/DWbuCFuNen7/?igsh=MTZyaWRldWl0c3I3ZA==
4068,https://www.instagram.com/p/DWkKcGaAF7H/?igsh=cnh0djF1eGE4bWxo
4094,https://www.instagram.com/reel/DWZZPeqjnjh/?igsh=YjRjdWh1dmlvaDRx
